{"ch": "market.btcusdt.detail.merged", "status": "ok", "ts": 1523877112698, "tick": {"id": 5559516909, "ask": [8050.1, 2.0905333181964427], "open": 8328.41, "vol": 184148606.09874943, "bid": [8050.06, 0.9121], "close": 8050.1, "high": 8408.88, "version": 5559516909, "low": 8000.9, "count": 142137, "amount": 22461.23204661412}}