{"ch": "market.btcusdt.detail", "status": "ok", "ts": 1523877113714, "tick": {"id": 5559517490, "open": 8328.41, "vol": 184150687.04955143, "close": 8050.1, "high": 8408.88, "version": 5559517490, "low": 8000.9, "count": 142139, "amount": 22461.49054661412}}